guidance_bin,guidance_mean,depression_mean,n
"(-3.001, -1.5]",-2.4807813484562065,-1.1064902331442974,3174
"(-1.5, 0.0]",-0.40673141326188883,-0.8228399196249163,2986
"(0.0, 1.5]",1.0502222222222222,-0.41244444444444445,3375
"(1.5, 2.0]",2.0,0.030680302356602934,2249
"(2.0, 3.0]",2.8724971666037025,0.5368341518700416,2647
