H1 age/gender/class,analytic,excluded
selfage,30.425918225918227,29.307692307692307
biomale,0.5891891891891892,0.7692307692307693
gendered,0.9372834372834373,0.9230769230769231
cis,0.9168399168399168,0.8461538461538461
classchild,2.6202356202356203,3.3076923076923075
classteen,2.7598059598059597,3.3846153846153846
classcurrent,3.022106722106722,3.230769230769231
