result_id,hypothesis_id,hypothesis_family,model,outcome,predictor,estimate,se,ci_low,ci_high,p_value,n_obs,r_squared,adj_r_squared,covariates,cov_type
H1_loop005_confirm_ols,H1,childhood_adversity,ols_hc3,ix5iyv3_scaled,mds78zu_scaled,-0.18147747223385274,0.006893843113903782,-0.19498940473710416,-0.16796553973060133,1.0036524742352147e-152,14426,0.14678703516900782,0.14637279666478975,"selfage,gendermale,education,classchild,classteen,classcurrent",HC3
H2_loop005_confirm_ols,H2,parental_support,ols_hc3,z0mhd63_scaled,pqo6jmj_scaled,0.11394863773277279,0.00864345866199848,0.09700745875525577,0.13088981671028982,1.0960718191704157e-39,14429,0.1558696829645494,0.15545993938093894,"selfage,gendermale,education,classchild,classteen,classcurrent",HC3
H3_loop005_confirm_ols,H3,digital_exposure,ols_hc3,classcurrent_z,4tuoqly_scaled,0.042475558299589246,0.010189597411962913,0.022503947372141935,0.06244716922703655,3.065815278921658e-05,14428,0.32917717875104546,0.32889807626664813,"selfage,gendermale,education,classchild,classteen",HC3
H4_loop005_confirm_ols,H4,mental_health_continuity,ols_hc3,wz901dj_scaled,dfqbzi5_scaled,-0.323991495547589,0.007088512015752413,-0.3378849790984637,-0.3100980119967143,0.0,14428,0.241356308987282,0.240988035350868,"selfage,gendermale,education,classchild,classteen,classcurrent",HC3
