hypothesis_id,hypothesis_family,outcome,predictor,estimate,se,ci_low,ci_high,p_value,n_obs,model
H1,childhood_adversity,ix5iyv3_scaled,mds78zu_scaled,-0.1814774722338527,0.0068938431139037,-0.1949894047371041,-0.1679655397306013,1.003652474235215e-152,14426,ols_hc3
H2,parental_support,z0mhd63_scaled,pqo6jmj_scaled,0.1139486377327727,0.0086434586619984,0.0970074587552557,0.1308898167102898,1.0960718191704156e-39,14429,ols_hc3
H3,digital_exposure,classcurrent_z,4tuoqly_scaled,0.0424755582995892,0.0101895974119629,0.0225039473721419,0.0624471692270365,3.065815278921658e-05,14428,ols_hc3
H4,mental_health_continuity,wz901dj_scaled,dfqbzi5_scaled,-0.323991495547589,0.0070885120157524,-0.3378849790984637,-0.3100980119967143,0.0,14428,ols_hc3
