variable_code,column_name,non_missing_n,missing_n,mean,std,min,max,unique_values
mds78zu,during ages *0-12*: your parents verbally or emotionally abused you (mds78zu),14426,17,-0.22473312075419383,2.4079506553457217,-3.0,3.0,7
ix5iyv3,I am not happy (ix5iyv3)-neg,14438,5,0.14912037678348802,1.982886256093675,-3.0,3.0,7
pqo6jmj,during ages *0-12*: Your parents gave useful guidance (pqo6jmj),14431,12,0.6253204906104913,2.0005388721847,-3.0,3.0,7
z0mhd63,I am satisfied with my work/career life (or lack thereof) (z0mhd63),14436,7,0.11630645608201717,2.0379788791927913,-3.0,3.0,7
4tuoqly,during ages *0-12*:  you spent time on the internet or computers (4tuoqly),14428,15,0.7502079290268922,2.276720899925919,-3.0,3.0,7
classcurrent,classcurrent,14443,0,3.0222945371460224,1.2589747379818785,0.0,6.0,7
dfqbzi5,during ages *0-12*:  you were depressed (dfqbzi5),14428,15,-0.5789437205433878,2.2997928473967404,-3.0,3.0,7
wz901dj,I tend to suffer from depression (wz901dj),14438,5,-0.40739714641917163,2.0893939180982533,-3.0,3.0,7
