model,log_likelihood,aic,bic,pseudo_r2,n_individuals,n_effective_obs,loglik_per_person,loglik_per_effective_obs,df_model
partial_proportional_odds,-42478.78277300721,85019.56554601442,85322.59642747197,0.5233908540364793,14443.0,129987.0,-2.941132920654103,-0.32679254673934477,31
multinomial_logit,-24903.18935630949,49932.37871261898,50409.79051688635,0.1167355244110227,14443.0,14443.0,-1.7242393793747484,-1.7242393793747484,54
