religion_level,predicted_prob_classchild_low,predicted_prob_classchild_high,delta_pp_within_level,delta_pp_vs_none
none,0.46311434067032514,0.4831414847440127,0.020027144073687553,0.0
slight,0.4429172696400022,0.4773643619171092,0.03444709227710696,0.014419948203419408
moderate,0.5039522772022911,0.33504824349479423,-0.16890403370749685,-0.1889311777811844
serious,0.41969738652990873,0.3185008918317225,-0.10119649469818626,-0.12122363877187381
