scenario_id,description,wave_multiplier,ge10m_multiplier,n_total,n_ge10m,share_ge10m,estimate_log_odds,analytic_se,analytic_z,analytic_power,assumed_design_effect,effective_n,cluster_se,cluster_z,cluster_power,notes
baseline,"Observed data (single wave, no oversample)",1,1.0,14423,820,0.05685363655272828,0.10870774419486767,0.03638089891005278,2.9880444808038957,0.8480443927587684,14.75552771350343,977.4641937611544,0.13974967243561945,0.7778747692231456,0.12167737110196719,Design effect held constant at the Loop 016 bootstrap estimate.
two_waves,Pool two identical GFS waves (naïve independence assumption),2,1.0,28846,1640,0.05685363655272828,0.10870774419486798,0.02572518032496059,4.225733029726955,0.98826723651673,14.75552771350343,1954.9283875223089,0.09881794104782524,1.1000810484632173,0.19603330639513772,Design effect held constant at the Loop 016 bootstrap estimate.
three_waves,Pool three identical waves,3,1.0,43269,2460,0.05685363655272828,0.10870774419486756,0.021004521779079757,5.175444856028054,0.9993488691329588,14.75552771350343,2932.392581283463,0.08068451099986777,1.3473186222203877,0.27052645752504323,Design effect held constant at the Loop 016 bootstrap estimate.
ge10m_double,Single wave + targeted 2× oversample of ≥$10M respondents,1,2.0,15243,1640,0.10759036934986552,0.07864208351675535,0.027386042241415925,2.871611853348597,0.8190236198603371,14.75552771350343,1033.0365877765566,0.10519779739385117,0.7475639743893725,0.11606896655948606,Design effect held constant at the Loop 016 bootstrap estimate.
two_waves_ge10m_double,Two pooled waves plus 2× ≥$10M oversample,2,2.0,30486,3280,0.10759036934986552,0.07864208351675243,0.01936485617876642,4.061072428876778,0.9821842769631968,14.75552771350343,2066.0731755531133,0.07438607590308062,1.0572151113229453,0.18460529079455457,Design effect held constant at the Loop 016 bootstrap estimate.
