model_id,model_type,model_desc,term,estimate,std_err,ci_low,ci_high,p_value,n_obs
loop014_h4_ord3_interactions,ORDERED_LOGIT,"Ordered logit: anxiety_ord3 ~ religion × (classchild, gender) + controls",religion,-0.019289946441971705,0.04812519652770836,-0.11361359838519214,0.07503370550124874,0.6885464539128219,14437
loop014_h4_ord3_interactions,ORDERED_LOGIT,"Ordered logit: anxiety_ord3 ~ religion × (classchild, gender) + controls",religion_classchild_int,-0.03511501325414233,0.014931939512441454,-0.06438107691785816,-0.005848949590426509,0.018689283185505664,14437
loop014_h4_ord3_interactions,ORDERED_LOGIT,"Ordered logit: anxiety_ord3 ~ religion × (classchild, gender) + controls",religion_gendermale_int,0.0054576870799399576,0.03791766601733562,-0.06885957269185616,0.07977494685173608,0.885551634547451,14437
loop014_h4_highflag_interactions,LOGIT,"Logit: anxiety_high_flag ~ religion × (classchild, gender) + controls",religion,-0.012527618983991884,0.05209325430298148,-0.11462852125532177,0.08957328328733802,0.8099546962643531,14437
loop014_h4_highflag_interactions,LOGIT,"Logit: anxiety_high_flag ~ religion × (classchild, gender) + controls",religion_classchild_int,-0.04155558603133766,0.016449548261212647,-0.07379610818526791,-0.009315063877407402,0.0115289110034912,14437
loop014_h4_highflag_interactions,LOGIT,"Logit: anxiety_high_flag ~ religion × (classchild, gender) + controls",religion_gendermale_int,0.019493438967743738,0.04168691711098354,-0.06221141719629052,0.10119829513177798,0.6400597435777446,14437
