scenario_id,description,wave_multiplier,ge10m_multiplier,n_total,n_ge10m,share_ge10m,estimate_log_odds,analytic_se,analytic_z,analytic_power,assumed_design_effect,effective_n,cluster_se,cluster_z,cluster_power,notes
baseline,"Observed data (single wave, no oversample)",1,1.0,14443,823,0.05698262133905698,0.11029153350181958,0.03633760319775789,3.035190100502413,0.8588635411056108,14.75552771350343,978.8196180054325,0.13958336094271112,0.7901481434243891,0.12401628742430326,Design effect held constant at the Loop 016 bootstrap estimate.
two_waves,Pool two identical GFS waves (naïve independence assumption),2,1.0,28886,1646,0.05698262133905698,0.11029153350181861,0.02569456563320064,4.292407004511022,0.9901613016123789,14.75552771350343,1957.639236010865,0.09870034106340077,1.1174382207146798,0.20079092908793938,Design effect held constant at the Loop 016 bootstrap estimate.
three_waves,Pool three identical waves,3,1.0,43329,2469,0.05698262133905698,0.11029153350181886,0.020979524987931427,5.257103464700206,0.9995116250918432,14.75552771350343,2936.4588540162977,0.08058849101466736,1.3685767299172464,0.27756700031448767,Design effect held constant at the Loop 016 bootstrap estimate.
ge10m_double,Single wave + targeted 2× oversample of ≥$10M respondents,1,2.0,15266,1646,0.1078213022402725,0.08000596509197189,0.02735862152632855,2.9243419671191475,0.8325722906396343,14.75552771350343,1034.5953256574765,0.1050924664079158,0.7612911546050237,0.11857932066805316,Design effect held constant at the Loop 016 bootstrap estimate.
two_waves_ge10m_double,Two pooled waves plus 2× ≥$10M oversample,2,2.0,30532,3292,0.1078213022402725,0.08000596509197477,0.01934546680518339,4.1356440709168165,0.9852104054233812,14.75552771350343,2069.190651314953,0.07431159564865755,1.076628275757124,0.18972380229802505,Design effect held constant at the Loop 016 bootstrap estimate.
