term,mean_beta,std_beta,min_beta,max_beta,range_beta,abs_range_beta,max_p_value,n_thresholds
classchild,0.05424410139875116,0.0807345908701189,-0.09685786399422909,0.18942529680548814,0.2862831607997172,0.2862831607997172,0.6989618397276962,9
classchild_male_int,-0.050280570805719446,0.07637864947552817,-0.22820595939042132,0.02743633994385864,0.25564229933427995,0.25564229933427995,0.8502877532167893,9
classteen,0.37181393718695355,0.08002552966425756,0.23731807297344895,0.5286631327863697,0.2913450598129207,0.2913450598129207,0.0028776761828294157,9
education,0.02702406422436945,0.1815092034342934,-0.4189332625114448,0.23947557074008305,0.6584088332515279,0.6584088332515279,0.23688320879184643,9
gendermale,0.34708223076541256,0.21534199372269236,-0.036523732195717834,0.615150188740466,0.6516739209361838,0.6516739209361838,0.9090662902049776,9
selfage,0.05166647891392112,0.03644266702082747,0.003874983987988176,0.10554982233193747,0.10167483834394929,0.10167483834394929,0.5012685504048234,9
