variable,n_obs,mean,std,skew,kurtosis,min,max
selflove_z,14436,4.1591064818321186e-17,1.0,0.4939320731821557,-0.8870982280022908,-1.2818388740754512,1.9403730398148844
selfwar_z,14434,2.658258814676833e-17,1.0,-0.0573318140082059,-1.2804419357729724,-1.5591804444627893,1.3552786861989723
depression_z,14438,1.3287611764456784e-17,0.9999999999999998,-0.3824922895960123,-1.227054929104108,-1.6308629617626573,1.240882640554106
anxiety_z,14437,4.6755946455087285e-17,1.0,-0.6755838682572406,-0.8646879838280639,-1.884595572824528,1.0697348777827485
