metric,n_reps,mean,std,p2_5,p25,median,p75,p97_5,two_sided_tail
abuse_at_minus1sd,500,-0.12562508046993645,0.017841406504164856,-0.16062894336117464,-0.13759842348884627,-0.12558995436098186,-0.11321253963728257,-0.09163016775805238,0.003992015968063872
abuse_at_plus1sd,500,0.00986783298013823,0.017934352764747415,-0.0293286565694162,-0.0005181088124077988,0.009806329648341522,0.021884021288417408,0.046807062558016484,0.528
