religion_level,predicted_prob_classchild_low,predicted_prob_classchild_high,delta_pp_within_level,delta_pp_vs_none
none,0.465506552726373,0.4775777978092197,0.012071245082846738,0.0
slight,0.45546668718902156,0.4667084716960176,0.011241784506996033,-0.0008294605758507045
moderate,0.4744820311923282,0.35882069149209733,-0.11566133970023085,-0.12773258478307759
serious,0.45395099104963266,0.2959178367506435,-0.15803315429898918,-0.1701043993818359
