model_id,outcome,estimator,penalty_alpha,term,estimate,std_err,ci_low,ci_high,p_value,n_obs,notes
loop020_h4_highflag_logit,high_anxiety_flag,Logit,0.0,religion_slight_classchild_int,0.00972912271559959,0.037073477209810336,-0.06293355739729517,0.08239180282849434,0.7929913998962279,14437,Baseline confirmatory specification
loop020_h4_highflag_logit,high_anxiety_flag,Logit,0.0,religion_moderate_classchild_int,-0.13026682208669768,0.051612784171644284,-0.23142602020495945,-0.029107623968435914,0.011605252014300708,14437,Baseline confirmatory specification
loop020_h4_highflag_logit,high_anxiety_flag,Logit,0.0,religion_serious_classchild_int,-0.08616757179872678,0.06637358699473642,-0.21625741183314628,0.04392226823569273,0.19421146954840596,14437,Baseline confirmatory specification
loop020_h4_highflag_ridge,high_anxiety_flag,Logit,5.0,religion_slight_classchild_int,-0.0005335298920392632,0.03602978509595673,-0.07115190868011445,0.07008484889603592,0.9881853387303341,14437,Ridge penalty applied to shrink imprecise interactions
loop020_h4_highflag_ridge,high_anxiety_flag,Logit,5.0,religion_moderate_classchild_int,-0.08779500202259732,0.048659175990414485,-0.18316698696380973,0.007576982918615069,0.07118670229259094,14437,Ridge penalty applied to shrink imprecise interactions
loop020_h4_highflag_ridge,high_anxiety_flag,Logit,5.0,religion_serious_classchild_int,-0.12175633776689662,0.061355701059536194,-0.24201351184358755,-0.001499163690205682,0.04720748162595578,14437,Ridge penalty applied to shrink imprecise interactions
loop020_h4_ord3_logit,anxiety_ord3,Ordered logit,0.0,religion_slight_classchild_int,0.02514910188723864,0.03415408829055191,-0.041791681087044286,0.09208988486152156,0.46152237475795377,14437,3-bin ordinal anxiety robustness check
loop020_h4_ord3_logit,anxiety_ord3,Ordered logit,0.0,religion_moderate_classchild_int,-0.06919820804113452,0.04527166892528973,-0.15792904865472351,0.01953263257245448,0.12638591125566864,14437,3-bin ordinal anxiety robustness check
loop020_h4_ord3_logit,anxiety_ord3,Ordered logit,0.0,religion_serious_classchild_int,-0.12808825240756705,0.05948836859139816,-0.2446833123457512,-0.011493192469382907,0.03130574070073302,14437,3-bin ordinal anxiety robustness check
