metric,n_reps,mean,std,p2_5,p25,median,p75,p97_5,two_sided_tail
guidance_buffering_coef,500,0.06774645672503733,0.008318132750033637,0.05182933635253792,0.06217115841168912,0.06795272618167847,0.07333408855914277,0.08433910879740984,0.003992015968063872
male_vulnerability_coef,500,-0.10165909553287185,0.015078537698651693,-0.1288144700413464,-0.11212357967086478,-0.1026262542385085,-0.08994144805422408,-0.07354373930976416,0.003992015968063872
