cut_label,cutpoint,n_success,mean,std,p2_5,p25,median,p75,p97_5,two_sided_tail,n_failures
networth_ge_100k,3,300,0.006385810883259735,0.06186322685585622,-0.14877556065053155,-0.012236949933381105,0.016406789320985417,0.037646875895069154,0.12262043564450065,0.74,0
networth_ge_10m,5,300,0.1339833634384318,0.13958336094271084,-0.08413110623869403,0.06022501109886475,0.11600719565145369,0.18066033235207313,0.4855314788462883,0.20666666666666667,0
networth_ge_1m,4,300,0.009118145525647277,0.08959418770038921,-0.12879971638905957,-0.03226106565317299,-0.0026940977251393335,0.037829848485338546,0.21813220050175894,0.96,0
