hypothesis_id,model_id,term,estimate,std_err,ci_low,ci_high,p_value,q_value,n_obs
H1a_buffering,loop004_h1_guidance_interaction,abuse_child_guidance_int,0.0678339501592958,0.0082568339649653,0.0516505555879637,0.0840173447306279,2.291412441765199e-16,4.582824883530398e-16,14425
H1b_male_vulnerability,loop004_h1_gender_interaction,abuse_child_male_int,-0.1026602637866066,0.0156635203541699,-0.1333607636807798,-0.0719597638924334,5.788035033350931e-11,5.788035033350931e-11,14426
