,depression_z,abuse_child_z,abuse_teen_z,guidance_child_z,guidance_teen_z,religion,classteen,gendermale
depression_z,1.0,-0.33899392502222175,-0.3599866216167779,0.24578716011612636,0.2637149507416321,-0.0535240723161782,-0.17498806552201313,-0.2250878067925979
abuse_child_z,-0.33899392502222175,1.0,0.8588141660398847,-0.5063294969428611,-0.4653481254590462,0.03704870836505401,0.26993558746254637,0.23871433973779374
abuse_teen_z,-0.3599866216167779,0.8588141660398847,1.0,-0.4620837770761334,-0.503966759016795,0.03752411635511693,0.26905168713976485,0.2424585286522511
guidance_child_z,0.24578716011612636,-0.5063294969428611,-0.4620837770761334,1.0,0.783898839124674,-0.10775007837707709,-0.29766094949788274,-0.13601746399318737
guidance_teen_z,0.2637149507416321,-0.4653481254590462,-0.503966759016795,0.783898839124674,1.0,-0.12882707825221057,-0.30172031601775035,-0.11580707311724937
religion,-0.0535240723161782,0.03704870836505401,0.03752411635511693,-0.10775007837707709,-0.12882707825221057,1.0,0.038783488444790036,-0.034133938352079354
classteen,-0.17498806552201313,0.26993558746254637,0.26905168713976485,-0.29766094949788274,-0.30172031601775035,0.038783488444790036,1.0,0.11079561773991119
gendermale,-0.2250878067925979,0.23871433973779374,0.2424585286522511,-0.13601746399318737,-0.11580707311724937,-0.034133938352079354,0.11079561773991119,1.0
