context,moderator,moderator_value,slope,std_err,t_value,p_value,ci_low,ci_high,n_obs
Abuse slope at childhood guidance -1 SD,guidance_child_z,-1.0,-0.12516180527368337,0.01747640022858791,-7.161761211496152,8.350280209395763e-13,-0.15941779642372164,-0.0909058141236451,14425
Abuse slope at childhood guidance mean,guidance_child_z,0.0,-0.057327855114387524,0.015183212858254223,-3.7757394070400414,0.00016017400632780844,-0.08708890421480225,-0.027566806013972794,14425
Abuse slope at childhood guidance +1 SD,guidance_child_z,1.0,0.01050609504490832,0.017087596516138153,0.6148374954304415,0.5386717486349822,-0.022987790845547154,0.043999980935363794,14425
Abuse slope for female (0),gendermale,0.0,-0.02384506145624298,0.01704965350765763,-1.3985657506490254,0.16196475164425134,-0.057264573783009594,0.00957445087052363,14426
Abuse slope for male (1),gendermale,1.0,-0.12650532524284963,0.01648389084547823,-7.674482100659619,1.7671333173158208e-14,-0.15881587003228553,-0.09419478045341372,14426
