model_id,model_type,model_desc,term,estimate,std_err,p_value,ci_low,ci_high,n_obs
ols_ordinal,OLS,OLS anxiety_z ~ ordinal religiosity + controls,religion_ord,-0.061896727496507535,0.009164869663877697,1.496395025240413e-11,-0.07985987203770782,-0.04393358295530725,14437
ols_categorical,OLS,OLS anxiety_z ~ religiosity dummies + controls,religion_level_1,-0.009019917870153344,0.02078406906440045,0.6643077913277726,-0.04975669323637823,0.03171685749607153,14437
ols_categorical,OLS,OLS anxiety_z ~ religiosity dummies + controls,religion_level_2,-0.08922757233093968,0.029429541279893414,0.0024344698297420896,-0.14690947323953077,-0.03154567142234859,14437
ols_categorical,OLS,OLS anxiety_z ~ religiosity dummies + controls,religion_level_3,-0.25125868048946065,0.03504449702467014,7.881156864588364e-13,-0.31994589465781414,-0.18257146632110716,14437
logit_ordinal,LOGIT,Logit high_anxiety ~ ordinal religiosity + controls,religion_ord,-0.1118704287210692,0.020683827235326593,6.352136227949474e-08,-0.15241073010230932,-0.07133012733982907,14443
logit_categorical,LOGIT,Logit high_anxiety ~ religiosity dummies + controls,religion_level_1,-0.040952260356090585,0.04641284306473919,0.37758886681107173,-0.13192143276297938,0.050016912050798217,14443
logit_categorical,LOGIT,Logit high_anxiety ~ religiosity dummies + controls,religion_level_2,-0.19767215830656718,0.06612920695269349,0.00279726518669429,-0.3272854039338464,-0.06805891267928793,14443
logit_categorical,LOGIT,Logit high_anxiety ~ religiosity dummies + controls,religion_level_3,-0.4092468449528818,0.08030871960548594,3.4705088391285773e-07,-0.5666519353796342,-0.2518417545261294,14443
