religion_level,predicted_prob_top_classchild_low,predicted_prob_top_classchild_high,delta_pp_within_level,delta_pp_vs_none
none,0.46220356833378007,0.47516810472111337,0.012964536387333303,0.0
slight,0.43824720149819363,0.4886722340613624,0.05042503256316877,0.03746049617583547
moderate,0.46918819101902765,0.38071193452646046,-0.08847625649256718,-0.10144079287990049
serious,0.4444813413921995,0.2810097745281249,-0.1634715668640746,-0.1764361032514079
