abuse_code,n,share,mean_selflove,se,ci_low,ci_high,suppressed
0.0,623.0,0.12603681974509406,1.3162118780096308,0.042946183691173034,1.2320373579749317,1.4003863980443298,False
1.0,1342.0,0.27149504349585274,1.464977645305514,0.02683412147722333,1.4123827672101563,1.517572523400872,False
2.0,1098.0,0.22213230831478858,1.4307832422586522,0.0307000630973104,1.3706111185879237,1.4909553659293806,False
3.0,1880.0,0.3803358284442646,1.4845744680851063,0.0236842967774988,1.4381532464012086,1.530995689769004,False
