term,model,estimate,std_error,z,p_value,ci_low,ci_high
"religion_Yes, slightly",ordered_logit,0.26940259580222103,0.04406636992607278,6.1135645222009405,9.742995299433233e-10,0.18303409781769941,0.35577109378674265
"religion_Yes, moderately",ordered_logit,0.6069734296974505,0.06792134939084164,8.936415944929584,0.0,0.4738500311100393,0.7400968282848617
"religion_Yes, very seriously",ordered_logit,1.2017625739798108,0.0989462342279681,12.14561204230369,0.0,1.007831518487129,1.3956936294724926
selfage,ordered_logit,-0.024500381607032422,0.001655426240867639,-14.800044243705674,0.0,-0.027744957418195524,-0.02125580579586932
gendermale,ordered_logit,0.16833639055770205,0.034228113053244885,4.918073932262634,8.739990491335448e-07,0.10125052171457677,0.23542225940082734
full_nonmonogamy/leaning_nonmonogamy,ordered_logit,-3.254832593754229,0.06123260065493885,-53.15522383404931,0.0,-3.374846285717633,-3.134818901790825
leaning_nonmonogamy/leaning_monogamy,ordered_logit,0.21988479499087332,0.023490264692730314,9.360677619734208,0.0,0.17384472220580907,0.2659248677759376
leaning_monogamy/full_monogamy,ordered_logit,0.17999504160332352,0.015734580449855744,11.439456055212055,0.0,0.14915583060975823,0.21083425259688882
