CSA_score_indicator,n,mean,std,se,ci_low,ci_high
0,11217,-0.6354640278149237,2.064975493393198,0.019497392835666334,-0.6736789177728297,-0.5972491378570177
1,3220,-1.4962732919254658,1.750778043835649,0.030853408958179607,-1.5567459734834979,-1.4358006103674337
diff_1_minus_0,3220.0,-0.860809264110542,,0.0364976872106846,-0.9323447310434838,-0.7892737971776003
