term,model,estimate,std_error,df,stat,p_value,ci_low,ci_high
const,mi_linear,-0.6711946121165072,0.05751430956774254,33772479.31589887,-11.67004554450834,1.8135140806388397e-31,-0.7839205915049324,-0.558468632728082
abuse,mi_linear,-0.142171720963454,0.00652153683150254,2148043.7109134924,-21.800340109510373,2.364589371256377e-105,-0.15495370547935397,-0.12938973644755405
selfage,mi_linear,0.018218785468317383,0.0015160021541438793,8409615.698719658,12.017651438368794,2.8719397260844705e-33,0.015247475418060638,0.021190095518574127
gendermale,mi_linear,-0.04972045790712022,0.03151414595484586,50403168.780369535,-1.5777187164888031,0.11463025079570488,-0.11148705046539886,0.012046134651158426
education,mi_linear,0.16589781492626524,0.010025768723554339,3645186.3775208485,16.547141620822376,1.687583454151246e-61,0.1462476627860424,0.18554796706648807
