religion_practice,full_nonmonogamy,leaning_nonmonogamy,leaning_monogamy,full_monogamy
No,0.06877512296957504,0.1355097943855042,0.2551757451665634,0.5405393374783574
"Yes, slightly",0.053400231455036154,0.11054960523300263,0.2297189021036876,0.6063312612082736
"Yes, moderately",0.038693111036995194,0.08405078412705932,0.19384608229983052,0.6834100225361149
"Yes, very seriously",0.021722999641377166,0.04993548672542454,0.13188762582749347,0.7964538878057048
