abuse_level,predicted_self_love,std_error,ci_low,ci_high
-3.0,1.007587831752135,0.022606545044441144,0.963279792683763,1.051895870820507
-2.0,0.865416110788681,0.01819137934565356,0.8297616423517629,0.9010705792255991
-1.0,0.7232443898252269,0.01535765514126047,0.6931439219005682,0.7533448577498856
0.0,0.5810726688617729,0.015028298162719084,0.5516177291168499,0.6105276086066959
1.0,0.43890094789831885,0.01734655023878164,0.40490231501697954,0.47289958077965816
2.0,0.29672922693486486,0.021471300612558468,0.2546462273203823,0.33881222654934745
3.0,0.1545575059714109,0.02657426537258218,0.10247287357725444,0.20664213836556738
