{
  "hypothesis": "HYP-002",
  "outcome_column": "networth",
  "predictor_column": "classchild",
  "control_columns": [
    "selfage",
    "gendermale",
    "education"
  ],
  "prepared_outcome": "networth_category",
  "prepared_predictor": "classchild",
  "n_per_imputation": [
    14443,
    14443,
    14443,
    14443,
    14443,
    14443,
    14443,
    14443,
    14443,
    14443,
    14443,
    14443,
    14443,
    14443,
    14443,
    14443,
    14443,
    14443,
    14443,
    14443
  ],
  "networth_levels": [
    -3,
    -2,
    -1,
    0,
    1,
    2,
    3,
    4,
    5,
    6
  ],
  "networth_labels": [
    "-3",
    "-2",
    "-1",
    "0",
    "1",
    "2",
    "3",
    "4",
    "5",
    "6"
  ],
  "classchild_levels": [
    0,
    1,
    2,
    3,
    4,
    5,
    6
  ],
  "control_means": {
    "selfage": 30.424911721941424,
    "gendermale": 0.5716956311015716,
    "education": 4.378522467631379
  },
  "cell_threshold": 10,
  "networth_counts_first_imputation": {
    "-3": 348,
    "-2": 796,
    "-1": 236,
    "0": 1304,
    "1": 1642,
    "2": 3525,
    "3": 3764,
    "4": 2005,
    "5": 463,
    "6": 360
  },
  "n_imputations": 20,
  "pooled_params": {
    "classchild": 0.31641076160398995,
    "selfage": 0.08004949453246081,
    "gendermale": 0.41711772827831767,
    "education": 0.1574275415576437,
    "-3/-2": 0.011259920506103081,
    "-2/-1": 0.22414438758576702,
    "-1/0": -1.5661590424790466,
    "0/1": -0.19343164844506025,
    "1/2": -0.30865956254689836,
    "2/3": 0.26667041502205807,
    "3/4": 0.47579969840254843,
    "4/5": 0.49821443479217536,
    "5/6": -0.10085060331906055
  },
  "pooled_variance": {
    "classchild": 0.00016897890359159336,
    "selfage": 3.3476734035879445e-06,
    "gendermale": 0.0009324756766239964,
    "education": 9.973597899819182e-05,
    "-3/-2": 0.004739462271817609,
    "-2/-1": 0.0013700179158331648,
    "-1/0": 0.004222276618902258,
    "0/1": 0.0007590923331329081,
    "1/2": 0.0005717220741279055,
    "2/3": 0.00023696520022198909,
    "3/4": 0.00022667573287011816,
    "4/5": 0.0005217569699520099,
    "5/6": 0.002199901026589253
  },
  "within_variance_diag": {
    "classchild": 0.00016897890359159336,
    "selfage": 3.3476734035879445e-06,
    "gendermale": 0.0009324756766239964,
    "education": 9.973597899819182e-05,
    "-3/-2": 0.004739462271817609,
    "-2/-1": 0.0013700179158331648,
    "-1/0": 0.004222276618902258,
    "0/1": 0.0007590923331329081,
    "1/2": 0.0005717220741279055,
    "2/3": 0.00023696520022198909,
    "3/4": 0.00022667573287011816,
    "4/5": 0.0005217569699520099,
    "5/6": 0.002199901026589253
  },
  "between_variance_diag": {
    "classchild": 0.0,
    "selfage": 2.0272946783023534e-34,
    "gendermale": 1.2974685941135062e-32,
    "education": 8.109178713209414e-34,
    "-3/-2": 0.0,
    "-2/-1": 3.2436714852837655e-33,
    "-1/0": 0.0,
    "0/1": 8.109178713209414e-34,
    "1/2": 3.2436714852837655e-33,
    "2/3": 3.2436714852837655e-33,
    "3/4": 3.2436714852837655e-33,
    "4/5": 3.2436714852837655e-33,
    "5/6": 8.109178713209414e-34
  },
  "degrees_of_freedom": {
    "classchild": null,
    "selfage": 4.699237620803501e+57,
    "gendermale": 8.901359033150477e+58,
    "education": 2.6069035861871836e+59,
    "-3/-2": null,
    "-2/-1": 3.0743532668163737e+60,
    "-1/0": null,
    "0/1": 1.5101165582345743e+61,
    "1/2": 5.3539116230072074e+59,
    "2/3": 9.197513217881159e+58,
    "3/4": 8.416108657482607e+58,
    "4/5": 4.4590033179743415e+59,
    "5/6": 1.268316213328795e+62
  },
  "prediction_controls_at": {
    "selfage": 30.424911721941424,
    "gendermale": 0.5716956311015716,
    "education": 4.378522467631379
  },
  "alpha": 0.05,
  "mi_dataset": "data/derived/childhoodbalancedpublic_mi_prototype.csv.gz",
  "mi_mapping": "analysis/imputation/mice_variable_map.json",
  "mode": "exploratory",
  "generated": "2025-10-17T16:52:24.083671+00:00",
  "outputs": [
    "tables/exploratory_hyp002_mi_ordered_logit_coefficients.csv",
    "tables/exploratory_hyp002_mi_ordered_logit_coefficients.md",
    "tables/exploratory_hyp002_mi_ordered_logit_predicted_probabilities.csv",
    "tables/exploratory_hyp002_mi_ordered_logit_predicted_probabilities.md"
  ]
}