{
  "hypothesis": "HYP-001",
  "scenarios": {
    "complete_case": {
      "source": "complete_case",
      "n_observations": 14424,
      "abuse_levels": [
        -3.0,
        -2.0,
        -1.0,
        0.0,
        1.0,
        2.0,
        3.0
      ],
      "control_means": {
        "selfage": 30.42741264559068,
        "gendermale": 0.5715474209650583,
        "education": 4.379437049362174
      },
      "cell_threshold": 10,
      "abuse_level_counts": {
        "-3.0": 4711,
        "3.0": 3040,
        "1.0": 1945,
        "2.0": 1644,
        "-2.0": 1301,
        "0.0": 917,
        "-1.0": 866
      },
      "model": "OLS_HC1_complete_case",
      "df_resid": 14419.0,
      "alpha": 0.05,
      "prediction_controls_at": {
        "selfage": 30.42741264559068,
        "gendermale": 0.5715474209650583,
        "education": 4.379437049362174
      }
    },
    "mi_prototype": {
      "hypothesis": "HYP-001",
      "outcome_column": "I love myself (2l8994l)",
      "predictor_column": "during ages *0-12*: your parents verbally or emotionally abused you (mds78zu)",
      "control_columns": [
        "selfage",
        "gendermale",
        "education"
      ],
      "prepared_outcome": "self_love",
      "prepared_predictor": "abuse",
      "n_per_imputation": [
        14443,
        14443,
        14443,
        14443,
        14443,
        14443,
        14443,
        14443,
        14443,
        14443,
        14443,
        14443,
        14443,
        14443,
        14443,
        14443,
        14443,
        14443,
        14443,
        14443
      ],
      "abuse_levels": [
        -3.0,
        -2.0,
        -1.0,
        0.0,
        1.0,
        2.0,
        3.0
      ],
      "control_means": {
        "selfage": 30.424911721941424,
        "gendermale": 0.5716956311015716,
        "education": 4.378522467631379
      },
      "cell_threshold": 10,
      "abuse_level_counts_first_imputation": {
        "-3.0": 4719,
        "-2.0": 1301,
        "-1.0": 866,
        "0.0": 917,
        "1.0": 1946,
        "2.0": 1646,
        "3.0": 3048
      },
      "n_imputations": 20,
      "pooled_params": {
        "const": -0.6711946121165072,
        "abuse": -0.142171720963454,
        "selfage": 0.018218785468317383,
        "gendermale": -0.04972045790712022,
        "education": 0.16589781492626524
      },
      "pooled_variance": {
        "const": 0.003307895805054121,
        "abuse": 4.2530442644644186e-05,
        "selfage": 2.2982625313688822e-06,
        "gendermale": 0.0009931413952633278,
        "education": 0.0001005160384982004
      },
      "within_variance_diag": {
        "const": 0.0033054146885958093,
        "abuse": 4.2403952949491914e-05,
        "selfage": 2.2948080061911534e-06,
        "gendermale": 0.000992531635217285,
        "education": 0.00010028655455951033
      },
      "between_variance_diag": {
        "const": 2.362968055535049e-06,
        "abuse": 1.2046637633549824e-07,
        "selfage": 3.2900239787894407e-09,
        "gendermale": 5.807238533741452e-07,
        "education": 2.1855613208577997e-07
      },
      "degrees_of_freedom": {
        "const": 33772479.31589887,
        "abuse": 2148043.7109134924,
        "selfage": 8409615.698719658,
        "gendermale": 50403168.780369535,
        "education": 3645186.3775208485
      },
      "prediction_controls_at": {
        "selfage": 30.424911721941424,
        "gendermale": 0.5716956311015716,
        "education": 4.378522467631379
      },
      "prediction_df_reference": 2148043.7109134924,
      "alpha": 0.05
    },
    "mi_reduced_aux": {
      "hypothesis": "HYP-001",
      "outcome_column": "I love myself (2l8994l)",
      "predictor_column": "during ages *0-12*: your parents verbally or emotionally abused you (mds78zu)",
      "control_columns": [
        "selfage",
        "gendermale",
        "education"
      ],
      "prepared_outcome": "self_love",
      "prepared_predictor": "abuse",
      "n_per_imputation": [
        14443,
        14443,
        14443,
        14443,
        14443,
        14443,
        14443,
        14443,
        14443,
        14443,
        14443,
        14443,
        14443,
        14443,
        14443,
        14443,
        14443,
        14443,
        14443,
        14443
      ],
      "abuse_levels": [
        -3.0,
        -2.0,
        -1.0,
        0.0,
        1.0,
        2.0,
        3.0
      ],
      "control_means": {
        "selfage": 30.424911721941424,
        "gendermale": 0.5716956311015716,
        "education": 4.378522467631379
      },
      "cell_threshold": 10,
      "abuse_level_counts_first_imputation": {
        "-3.0": 4713,
        "-2.0": 1305,
        "-1.0": 866,
        "0.0": 917,
        "1.0": 1948,
        "2.0": 1649,
        "3.0": 3045
      },
      "n_imputations": 20,
      "pooled_params": {
        "const": -0.6717010827708522,
        "abuse": -0.14219932674798885,
        "selfage": 0.018213006099656308,
        "gendermale": -0.04991429758500859,
        "education": 0.16606616842250885
      },
      "pooled_variance": {
        "const": 0.0033063266698020455,
        "abuse": 4.2556548124563076e-05,
        "selfage": 2.2953244260043755e-06,
        "gendermale": 0.000993152849682869,
        "education": 0.00010038904184400988
      },
      "within_variance_diag": {
        "const": 0.003304908838249769,
        "abuse": 4.2401928698812815e-05,
        "selfage": 2.2944757221413262e-06,
        "gendermale": 0.0009924451497645595,
        "education": 0.00010028551191778735
      },
      "between_variance_diag": {
        "const": 1.3503157640726983e-06,
        "abuse": 1.4725659595262965e-07,
        "selfage": 8.082893933801895e-10,
        "gendermale": 6.739999221995459e-07,
        "education": 9.859992973573494e-08
      },
      "degrees_of_freedom": {
        "const": 103322724.08763447,
        "abuse": 1439323.0380376799,
        "selfage": 138972669.42834052,
        "gendermale": 37418596.69265297,
        "education": 17864645.81230647
      },
      "prediction_controls_at": {
        "selfage": 30.424911721941424,
        "gendermale": 0.5716956311015716,
        "education": 4.378522467631379
      },
      "prediction_df_reference": 1439323.0380376799,
      "alpha": 0.05
    }
  },
  "skipped": [],
  "outputs": {
    "Coefficient CSV": "tables/robustness_hyp001_mi_scenarios_coefficients.csv",
    "Coefficient Markdown": "tables/robustness_hyp001_mi_scenarios_coefficients.md",
    "Secondary CSV": "tables/robustness_hyp001_mi_scenarios_secondary.csv",
    "Secondary Markdown": "tables/robustness_hyp001_mi_scenarios_secondary.md"
  },
  "note": "analysis/imputation/robustness_hyp001_mi_scenarios.md"
}